precision,accuracy,recall,duration
0.9988424011817755,0.9988199076449461,0.998806451643287,52336.27527689934
