precision,accuracy,recall,f1_score,duration
0.9990552737757471,0.999025141097999,0.9989891146784359,0.999021910832144,36528.97311282158
